--
-- Script was generated by Devart dbForge Studio for MySQL, Version 8.0.40.0
-- Product home page: http://www.devart.com/dbforge/mysql/studio
-- Script date 19/05/2024 13:19:22
-- Server version: 5.5.5-10.1.40-MariaDB
-- Client version: 4.1
--

-- 
-- Disable foreign keys
-- 
/*!40014 SET @OLD_FOREIGN_KEY_CHECKS=@@FOREIGN_KEY_CHECKS, FOREIGN_KEY_CHECKS=0 */;

-- 
-- Set SQL mode
-- 
/*!40101 SET @OLD_SQL_MODE=@@SQL_MODE, SQL_MODE='NO_AUTO_VALUE_ON_ZERO' */;

-- 
-- Set character set the client will use to send SQL statements to the server
--
SET NAMES 'utf8';

DROP DATABASE IF EXISTS thegeekend;

CREATE DATABASE thegeekend
CHARACTER SET latin1
COLLATE latin1_swedish_ci;

--
-- Set default database
--
USE thegeekend;

--
-- Create table `escenariosmusicales`
--
CREATE TABLE escenariosmusicales (
  idesmu int(11) NOT NULL AUTO_INCREMENT,
  dni varchar(9) NOT NULL,
  nombre varchar(50) NOT NULL,
  nombregrupo varchar(25) DEFAULT NULL,
  instrumento varchar(25) DEFAULT NULL,
  categoria varchar(25) DEFAULT NULL,
  PRIMARY KEY (idesmu)
)
ENGINE = INNODB,
AUTO_INCREMENT = 31,
AVG_ROW_LENGTH = 546,
CHARACTER SET latin1,
COLLATE latin1_swedish_ci;

--
-- Create index `uk_escenariosmusicales_dni` on table `escenariosmusicales`
--
ALTER TABLE escenariosmusicales
ADD UNIQUE INDEX uk_escenariosmusicales_dni (dni);

--
-- Create table `bandassonoras`
--
CREATE TABLE bandassonoras (
  idbs int(11) NOT NULL AUTO_INCREMENT,
  dni varchar(9) NOT NULL,
  nombre varchar(50) NOT NULL,
  premio varchar(60) NOT NULL,
  PRIMARY KEY (idbs)
)
ENGINE = INNODB,
AUTO_INCREMENT = 31,
AVG_ROW_LENGTH = 546,
CHARACTER SET latin1,
COLLATE latin1_swedish_ci;

--
-- Create index `uk_bandassonoras_dni` on table `bandassonoras`
--
ALTER TABLE bandassonoras
ADD UNIQUE INDEX uk_bandassonoras_dni (dni);

--
-- Create table `eventos`
--
CREATE TABLE eventos (
  ideventos int(11) NOT NULL AUTO_INCREMENT,
  nombre varchar(50) NOT NULL,
  lugar varchar(25) NOT NULL,
  finicio date NOT NULL,
  ffinal date NOT NULL,
  idbs int(11) DEFAULT NULL,
  idesmu int(11) DEFAULT NULL,
  PRIMARY KEY (ideventos)
)
ENGINE = INNODB,
AUTO_INCREMENT = 31,
AVG_ROW_LENGTH = 546,
CHARACTER SET latin1,
COLLATE latin1_swedish_ci;

--
-- Create index `uk_bandasonoras_escenariomusica` on table `eventos`
--
ALTER TABLE eventos
ADD UNIQUE INDEX uk_bandasonoras_escenariomusica (idbs, idesmu);

--
-- Create foreign key
--
ALTER TABLE eventos
ADD CONSTRAINT fk_eventos_bandassonoras FOREIGN KEY (idbs)
REFERENCES bandassonoras (idbs);

--
-- Create foreign key
--
ALTER TABLE eventos
ADD CONSTRAINT fk_eventos_escenariomusica FOREIGN KEY (idesmu)
REFERENCES escenariosmusicales (idesmu);

--
-- Create table `coleccionables`
--
CREATE TABLE coleccionables (
  idcolecc int(11) NOT NULL AUTO_INCREMENT,
  nombre varchar(100) NOT NULL,
  material varchar(25) NOT NULL,
  edicion varchar(25) NOT NULL,
  tomo int(4) DEFAULT NULL,
  talla varchar(10) DEFAULT NULL,
  medida float(6, 2) DEFAULT NULL,
  precio float(6, 2) NOT NULL,
  PRIMARY KEY (idcolecc)
)
ENGINE = INNODB,
AUTO_INCREMENT = 31,
AVG_ROW_LENGTH = 546,
CHARACTER SET latin1,
COLLATE latin1_swedish_ci;

--
-- Create table `venden`
--
CREATE TABLE venden (
  idvenden int(11) NOT NULL AUTO_INCREMENT,
  ideventos int(11) DEFAULT NULL,
  idcolecc int(11) DEFAULT NULL,
  PRIMARY KEY (idvenden)
)
ENGINE = INNODB,
AUTO_INCREMENT = 31,
AVG_ROW_LENGTH = 546,
CHARACTER SET latin1,
COLLATE latin1_swedish_ci;

--
-- Create index `uk_eventos_colecc` on table `venden`
--
ALTER TABLE venden
ADD UNIQUE INDEX uk_eventos_colecc (ideventos, idcolecc);

--
-- Create foreign key
--
ALTER TABLE venden
ADD CONSTRAINT fk_venden_colecc FOREIGN KEY (idcolecc)
REFERENCES coleccionables (idcolecc);

--
-- Create foreign key
--
ALTER TABLE venden
ADD CONSTRAINT fk_venden_eventos FOREIGN KEY (ideventos)
REFERENCES eventos (ideventos);

--
-- Create table `jugadores`
--
CREATE TABLE jugadores (
  idjugadores int(11) NOT NULL AUTO_INCREMENT,
  dni varchar(9) DEFAULT NULL,
  nick varchar(25) NOT NULL,
  nombre varchar(50) NOT NULL,
  nombregrupo varchar(25) DEFAULT NULL,
  email varchar(50) NOT NULL,
  password varchar(255) NOT NULL,
  PRIMARY KEY (idjugadores)
)
ENGINE = INNODB,
AUTO_INCREMENT = 36,
AVG_ROW_LENGTH = 546,
CHARACTER SET latin1,
COLLATE latin1_swedish_ci;

--
-- Create index `uk_jugadores_dni` on table `jugadores`
--
ALTER TABLE jugadores
ADD UNIQUE INDEX uk_jugadores_dni (dni);

--
-- Create index `uk_jugadores_nick` on table `jugadores`
--
ALTER TABLE jugadores
ADD UNIQUE INDEX uk_jugadores_nick (nick);

--
-- Create table `torneos`
--
CREATE TABLE torneos (
  idtorneos int(11) NOT NULL AUTO_INCREMENT,
  juego varchar(65) NOT NULL,
  modojuego varchar(200) DEFAULT NULL,
  modalidad varchar(15) DEFAULT NULL,
  fechahora datetime NOT NULL,
  PRIMARY KEY (idtorneos)
)
ENGINE = INNODB,
AUTO_INCREMENT = 31,
AVG_ROW_LENGTH = 546,
CHARACTER SET latin1,
COLLATE latin1_swedish_ci;

--
-- Create table `participan`
--
CREATE TABLE participan (
  idparticipan int(11) NOT NULL AUTO_INCREMENT,
  idtorneos int(11) NOT NULL,
  idjugadores int(11) NOT NULL,
  PRIMARY KEY (idparticipan)
)
ENGINE = INNODB,
AUTO_INCREMENT = 31,
AVG_ROW_LENGTH = 546,
CHARACTER SET latin1,
COLLATE latin1_swedish_ci;

--
-- Create index `uk_torneos_jugadores` on table `participan`
--
ALTER TABLE participan
ADD UNIQUE INDEX uk_torneos_jugadores (idtorneos, idjugadores);

--
-- Create foreign key
--
ALTER TABLE participan
ADD CONSTRAINT fk_participan_jugadores FOREIGN KEY (idjugadores)
REFERENCES jugadores (idjugadores);

--
-- Create foreign key
--
ALTER TABLE participan
ADD CONSTRAINT fk_participan_torneos FOREIGN KEY (idtorneos)
REFERENCES torneos (idtorneos);

--
-- Create table `organizan`
--
CREATE TABLE organizan (
  idparticipan int(11) NOT NULL AUTO_INCREMENT,
  ideventos int(11) NOT NULL,
  idtorneos int(11) NOT NULL,
  PRIMARY KEY (idparticipan)
)
ENGINE = INNODB,
AUTO_INCREMENT = 31,
AVG_ROW_LENGTH = 546,
CHARACTER SET latin1,
COLLATE latin1_swedish_ci;

--
-- Create index `uk_organizan_eventos_torneos` on table `organizan`
--
ALTER TABLE organizan
ADD UNIQUE INDEX uk_organizan_eventos_torneos (ideventos, idtorneos);

--
-- Create foreign key
--
ALTER TABLE organizan
ADD CONSTRAINT fk_organizan_eventos FOREIGN KEY (ideventos)
REFERENCES eventos (ideventos);

--
-- Create foreign key
--
ALTER TABLE organizan
ADD CONSTRAINT fk_organizan_torneos FOREIGN KEY (idtorneos)
REFERENCES torneos (idtorneos);

--
-- Create table `actores`
--
CREATE TABLE actores (
  idactores int(11) NOT NULL AUTO_INCREMENT,
  dni varchar(9) NOT NULL,
  nombre varchar(50) NOT NULL,
  nombrepersonaje varchar(50) NOT NULL,
  tipo varchar(25) DEFAULT NULL,
  nombrepelioserie varchar(50) DEFAULT NULL,
  sinopsis varchar(350) DEFAULT NULL,
  temporadas int(2) DEFAULT 0,
  PRIMARY KEY (idactores)
)
ENGINE = INNODB,
AUTO_INCREMENT = 31,
AVG_ROW_LENGTH = 546,
CHARACTER SET latin1,
COLLATE latin1_swedish_ci;

--
-- Create index `uk_actores_dni` on table `actores`
--
ALTER TABLE actores
ADD UNIQUE INDEX uk_actores_dni (dni);

--
-- Create table `telefonosactores`
--
CREATE TABLE telefonosactores (
  idtelefono int(11) NOT NULL AUTO_INCREMENT,
  idactores int(11) DEFAULT NULL,
  telefono varchar(12) DEFAULT NULL,
  PRIMARY KEY (idtelefono)
)
ENGINE = INNODB,
AUTO_INCREMENT = 31,
AVG_ROW_LENGTH = 546,
CHARACTER SET latin1,
COLLATE latin1_swedish_ci;

--
-- Create index `uk_telefonosactores_actores` on table `telefonosactores`
--
ALTER TABLE telefonosactores
ADD UNIQUE INDEX uk_telefonosactores_actores (idactores);

--
-- Create index `uk_telefonosactores_telefono` on table `telefonosactores`
--
ALTER TABLE telefonosactores
ADD UNIQUE INDEX uk_telefonosactores_telefono (telefono);

--
-- Create foreign key
--
ALTER TABLE telefonosactores
ADD CONSTRAINT fk_telefonos_actores FOREIGN KEY (idactores)
REFERENCES actores (idactores);

--
-- Create table `asisten`
--
CREATE TABLE asisten (
  idasisten int(11) NOT NULL AUTO_INCREMENT,
  ideventos int(11) NOT NULL,
  idactores int(11) NOT NULL,
  PRIMARY KEY (idasisten)
)
ENGINE = INNODB,
AUTO_INCREMENT = 31,
AVG_ROW_LENGTH = 546,
CHARACTER SET latin1,
COLLATE latin1_swedish_ci;

--
-- Create index `uk_actores_eventos` on table `asisten`
--
ALTER TABLE asisten
ADD UNIQUE INDEX uk_actores_eventos (idactores, ideventos);

--
-- Create foreign key
--
ALTER TABLE asisten
ADD CONSTRAINT fk_asisten_actores FOREIGN KEY (idactores)
REFERENCES actores (idactores);

--
-- Create foreign key
--
ALTER TABLE asisten
ADD CONSTRAINT fk_asisten_eventos FOREIGN KEY (ideventos)
REFERENCES eventos (ideventos);

-- 
-- Dumping data for table escenariosmusicales
--
INSERT INTO escenariosmusicales VALUES
(1, '65221907Y', 'Ayanna Darling', 'Cibernética Sinfónica', 'Batería', 'Rock Alternativo'),
(2, '46543857A', 'Adela Alba', 'Galactic Groove Ensemble', 'Arpa', 'Reggae Espacial'),
(3, '47045102P', 'Corinne Dugas', 'Sonic Boom Resonance', 'Tambor', 'Chiptune Retro'),
(4, '90569261L', 'Alonzo Aragon', '', 'Didgeridoo', 'Música Clásica Steampunk'),
(5, '77858328Y', 'Waldo Knudsen', '', 'Banjo', 'Blues Steampunk'),
(6, '49508358O', 'Bronwyn Acker', 'Los Maestros del Rol Rock', 'Bajo eléctrico', 'Funk Mágico'),
(7, '38908541G', 'Cedrick Frey', 'El Éxito Mutante', 'Guitarra eléctrica', 'Rap Cyborg'),
(8, '93792758H', 'Birgit Kozlowski', 'Cibernética Sinfónica', 'Trombón', 'Country Vikingo'),
(9, '05948004D', 'Lydia Linkous', 'Galactic Groove Ensemble', 'Saxofón', 'Rock Científico'),
(10, '32859462N', 'Amanda Coe', 'Sonic Boom Resonance', 'Violín', 'Música Experimental Extra'),
(11, '93895841I', 'Lauralee Hefner', '', 'Piano', 'Góspel Jedi'),
(12, '24566751A', 'Dick Moniz', '', 'Xilófono', 'Hip-Hop Nerdcore'),
(13, '56373536X', 'Santo Smallwood', 'El Éxito Mutante', 'Acordeón', 'R&B Alienígena'),
(14, '78323905R', 'Verona Reich', 'Los Maestros del Rol Rock', 'Flauta travesera', 'Punk Zombie'),
(15, '97156355F', 'Dallas Parrott', 'Cibernética Sinfónica', 'Trompeta', 'Ska Fantástico'),
(16, '76122176H', 'Ricardo Andres', 'Sonic Boom Resonance', 'Órgano', 'Folk Psicodélico'),
(17, '29841131P', 'Adah Brewster', 'El Éxito Mutante', 'Oboe', 'Pop Indie'),
(18, '06150846L', 'Giovanni Cavanaugh', '', 'Violonchelo', 'Electrónica Experimental'),
(19, '66191891Z', 'Delmer Outlaw', '', 'Cello', 'Metal Sinfónico'),
(20, '20843720F', 'Dorotha Wilhelm', 'Galactic Groove Ensemble', 'Clarinete', 'Jazz Fusion'),
(21, '10064524E', 'Lazaro Camarillo', 'Los Maestros del Rol Rock', 'Arpa', 'Chiptune Retro'),
(22, '82738572K', 'Alan Travis', 'Cibernética Sinfónica', 'Banjo', 'Reggae Espacial'),
(23, '33597394K', 'Bryan Eagle', 'Galactic Groove Ensemble', 'Tambor', 'Música Clásica Steampunk'),
(24, '61520133W', 'Stacia Sturm', 'Los Maestros del Rol Rock', 'Acordeón', 'Rock Alternativo'),
(25, '98169536O', 'Milagros Brinkman', '', 'Órgano', 'Blues Steampunk'),
(26, '99860377H', 'Keeley Burger', '', 'Didgeridoo', 'Pop Indie'),
(27, '03581101L', 'Anjelica Michel', 'Sonic Boom Resonance', 'Batería', 'Funk Mágico'),
(28, '95691395G', 'Minh Staples', 'El Éxito Mutante', 'Guitarra eléctrica', 'Electrónica Experimental'),
(29, '62130338D', 'Kimberley Mace', 'Galactic Groove Ensemble', 'Violonchelo', 'Rap Cyborg'),
(30, '93048511V', 'Adaline Gatlin', 'Los Maestros del Rol Rock', 'Bajo eléctrico', 'Country Vikingo');

-- 
-- Dumping data for table bandassonoras
--
INSERT INTO bandassonoras VALUES
(1, '01251271B', 'Trent Dobbins', 'Espada láser réplica de Luke Skywalker.'),
(2, '72557261D', 'Araceli Kingsley', 'Tarjeta Black Lotus de "Magic: The Gathering".'),
(3, '93714131S', 'Kim Charlton', 'Premio de $10,000 en efectivo.'),
(4, '30751828K', 'Brett Abney', 'Disfraz auténtico de personaje de película.'),
(5, '78199098U', 'Althea Heath', 'Máquina recreativa de videojuegos clásicos.'),
(6, '05074571N', 'Colton Ackerman', 'Estatuilla de un dragón en miniatura pintada a mano.'),
(7, '34010929Q', 'Lonna Mccurdy', 'Set de miniaturas personalizadas de Warhammer 40,000.'),
(8, '05667228F', 'Abigail Mclemore', 'Cómic "Action Comics #1" original y autografiado.'),
(9, '96252949R', 'Ward Provost', 'Suscripción de un año a Disney+ y Netflix.'),
(10, '98058330X', 'Adalberto Sousa', 'Edición de juego de mesa "Catan: Starfarers".'),
(11, '03574672J', 'Carlita Ames', 'Premio de 5000 dólares en efectivo.'),
(12, '47643324L', 'Kelsey Alfaro', 'Edición de coleccionista de "The Lord of the Rings" en Blu-r'),
(13, '83014612O', 'Annemarie Manson', 'Cómics de la "Golden Age" de DC Comics.'),
(14, '05366975H', 'Tressa Amos', 'Colección de figuras de acción de Marvel Legends.'),
(15, '66383861U', 'Dorine Alcorn', 'Colección completa de películas de Studio Ghibli.'),
(16, '77830260F', 'Buck Branham', 'Estatua de Batman en edición limitada.'),
(17, '96378359Y', 'Jazmin Castellanos', 'Viaje a la Comic-Con de San Diego con pase VIP.'),
(18, '42361388Z', 'Diego Drummond', 'Colección de libros de ciencia ficción autografiados.'),
(19, '81607500E', 'Cristobal Bandy', 'Rueda de la Fortuna de cómics raros y exclusivos.'),
(20, '69051676B', 'Mireille Rees', 'Edición limitada de "Star Trek" en Blu-ray.'),
(21, '13162553K', 'Conception Caballero', 'Juego de mesa "Dungeons & Dragons" de edición especial.'),
(22, '28581732J', 'Lauri Hobbs', 'Figura de acción de Spider-Man firmada por Stan Lee.'),
(23, '00789285M', 'Aileen Kong', 'Set de cartas raras y limitadas de "Pokémon".'),
(24, '19420780T', 'Travis Nielsen', 'Consola de edición especial de "The Legend of Zelda".'),
(25, '60234300X', 'Elisha Grace', 'Tarjeta de regalo de Amazon por valor de $1000.'),
(26, '65554621T', 'Adah Adamson', 'Tarjeta de regalo para tienda de cómics local.'),
(27, '47533064M', 'Agatha Conn', 'Casco de Iron Man a escala real con efectos de sonido.'),
(28, '31774663Q', 'Beau Baines', 'Estatua de personaje de videojuego con iluminación LED.'),
(29, '89700109V', 'Winnie Ainsworth', 'Batimóvil en miniatura controlado por radio.'),
(30, '09527883A', 'Fabian Alonso', 'Entradas para la premiere de una película friki importante.');

-- 
-- Dumping data for table coleccionables
--
INSERT INTO coleccionables VALUES
(1, 'Figura de Batman.', 'Resina de alta calidad.', 'Edición limitada.', 29, 'M', 27.04, 432.66),
(2, 'Sable de luz réplica de Luke Skywalker con hoja iluminada.', 'Polimetilmetacrilato y de', 'Edición coleccionista.', 141, 'XS', 185.28, 465.82),
(3, 'Colección completa de cómics de Marvel.', 'Plastico y cartón de cali', 'Edición Omnibus.', 175, 'L', 72.48, 549.04),
(4, 'Estatua de Iron Man.', 'Acero inoxidable de alta ', 'Edición limitada.', 17, 'M', 123.76, 514.34),
(5, 'Set de cartas coleccionables de Pokémon en foil. ', 'Plastico impermeable.', 'Edición especial.', 71, 'M', 28.91, 257.81),
(6, 'Disfraz de Spider-Man con detalles cosidos a mano.', 'Nopreno, lana y seda.', 'Edición premium.', 132, 'XL', 9.40, 510.92),
(7, 'Colección de manga "One Piece" en edición de lujo.', 'Plastico, cartón y papel ', 'Edición de lujo.', 180, 'M', 80.26, 798.26),
(8, 'Figura de Darth Vader de tamaño natural.', 'Vidrio.', 'Edición limitada.', 63, 'XXL', 117.93, 727.06),
(9, 'Casco de Master Chief de "Halo" en fibra de carbono.', 'Fibra de carbono.', 'Réplica funcional.', NULL, 'L', 103.82, 385.55),
(10, 'Set de miniaturas de "Warhammer 40,000" pintadas a mano.', 'Madera tratada.', 'Edición especial.', 63, 'XS', 7.57, 168.94),
(11, 'Cómics clásicos de "The X-Men".', 'Papel de calidad.', 'Edición vintage.', 200, 'XXL', 99.68, 809.37),
(12, 'Estatua de Wonder Woman.', 'Bronce macizo.', 'Edición numerada.', 4, 'M', 9.20, 323.30),
(13, 'Colección completa de "The Lord of the Rings" en Blu-ray.', 'Policarbonato de plástico', 'Edición extendida.', 119, 'S', 33.94, 749.81),
(14, 'Réplica del Trono de Hierro de "Game of Thrones".', 'Acero.', 'Edición limitada.', 113, 'S', 113.69, 369.77),
(15, '"The Legend of Zelda: Ocarina of Time".', 'Porcelana, plastico, cart', 'Edición de colección.', 22, 'S', 10.70, 263.39),
(16, 'Figura de Vegeta de "Dragon Ball".', 'Resina de alta calidad.', 'Edición limitada.', 100, 'S', 68.14, 453.39),
(17, 'Sable de luz personalizable con hoja intercambiable.', 'Polimetilmetacrilato.', 'Edición de coleccionista.', 98, 'XS', 77.09, 854.01),
(18, 'Ropa y accesorios de cosplay de personajes de "My Hero Academia".', 'Lana, seda y plastico.', 'Confección a medida.', 37, 'XXL', 147.08, 320.09),
(19, 'Caja de cómics raros de edición limitada con certificado de autenticidad.', 'Plastico, cartón y papel ', 'Edición limitada.', 187, 'L', 38.00, 201.84),
(20, 'Juego de mesa "Catan".', 'Plastico impermeable, car', 'Edición especial.', 104, 'XL', 45.56, 638.22),
(21, 'Cómics autografiados por creadores famosos.', 'Plastico, cartón y papel ', 'Edición exclusiva.', 195, 'XL', 12.83, 145.57),
(22, 'Estatua de Yoda de "Star Wars".', 'Cerámica esmaltada.', 'Edición limitada.', 171, 'XXL', 175.51, 688.86),
(23, 'Set de cartas personalizadas de "Magic".', 'Papel plastificado.', 'Edición de coleccionista.', 128, 'XXL', 92.40, 304.69),
(24, 'Colección de miniaturas de "Harry Potter".', 'Resina pintada a mano.', 'Edición coleccionista.', 85, '', 164.68, 155.73),
(25, 'Disfraz de Daenerys Targaryen de "Game of Thrones" con peluca de dragón.', 'Lana, seda, plastico y pe', 'Edición premium.', 1, 'XXL', 146.27, 836.60),
(26, 'Caja de manga con portadas alternativas.', 'Plastico, cartón y papel ', 'Edición limitada.', 7, 'M', NULL, 835.12),
(27, 'Colección de películas de Studio Ghibli en Blu-ray con arte exclusivo.', 'Policarbonato de plástico', 'Edición de lujo.', NULL, 'S', 58.91, 453.07),
(28, 'Espada de Kirito del anime SAO.', 'Acero y fibra de carbono.', 'Edición de coleccionista.', 171, 'XS', 167.78, 377.20),
(29, 'Figura de Venom.', 'Resina de alta calidad.', 'Edición limitada.', 103, '', NULL, 758.63),
(30, 'Experiencia de visita a un set de filmación de una película de ciencia ficción.', 'Papel plastificado y sell', 'Edición de lujo.', NULL, '', NULL, 273.48);

-- 
-- Dumping data for table jugadores
--
INSERT INTO jugadores VALUES
(1, '61373976K', 'Abby1966', 'Ambrose Handy', 'Orden de los Gamers', '', ''),
(2, '06385394F', 'Folsom261', 'Roxann Perrin', 'Reinos Pixelados', '', ''),
(3, '40542396C', 'Easter1964', 'Dave Tabor', 'La Liga de las Teclas', '', ''),
(4, '97965908F', 'Carmona618', 'Leonardo Adair', 'Los Guerreros Virtuales', '', ''),
(5, '23060434A', 'Terry2007', 'Aurelio Sample', '', '', ''),
(6, '30710318L', 'Zane413', 'Manual Nadeau', 'Los Maestros del Control', '', ''),
(7, '92571577R', 'Massey695', 'Katina Abel', 'Escuadra del Pixel', '', ''),
(8, '36902081K', 'Alston382', 'Frances Abney', 'El Clan del Game Over', '', ''),
(9, '05895210J', 'Alia5', 'Abraham Pfeiffer', 'La Hermandad del Power-Up', '', ''),
(10, '76597389E', 'Montez424', 'Beatrice Medlock', 'Gremio de los Videojugado', '', ''),
(11, '97112440I', 'Ashby2002', 'Demetrius Brinkley', 'Los Campeones del Gamepad', '', ''),
(12, '73686554E', 'Adkins1972', 'Dawn Rivers', 'Los Estrategas del Bit', '', ''),
(13, '20522584U', 'Haley13', 'Larita Hammett', 'Espectros del Joystick', '', ''),
(14, '80423648B', 'Pike2003', 'Elvin Lytle', 'Alianza del Mouse', '', ''),
(15, '46166888T', 'Abe1960', 'Scottie Hodge', 'Las Hordas del Botón A', '', ''),
(16, '12528536A', 'Nicol2004', 'Adan Cline', 'Escuadrón de la Consola', '', ''),
(17, '07005674M', 'Vesta543', 'Sadie Obrien', 'Reinos Pixelados', '', ''),
(18, '12265310N', 'Barker314', 'Dewitt Alvarado', 'Espectros del Joystick', '', ''),
(19, '46995570K', 'Rheba271', 'Karan Ackerman', 'El Clan del Game Over', '', ''),
(20, '77293876O', 'Billye7', 'Shonda Alicea', 'Los Campeones del Gamepad', '', ''),
(21, '46141077L', 'Brooks2018', 'Arron Elam', '', '', ''),
(22, '34448719N', 'Shaunna1994', 'Russell Simmons', 'La Liga de las Teclas', '', ''),
(23, '80558787A', 'Lorrie1956', 'Louis Streeter', 'Orden de los Gamers', '', ''),
(24, '90302617M', 'Tequila5', 'Colby Merrill', 'Los Guerreros Virtuales', '', ''),
(25, '26708359P', 'Davies2016', 'Bennett Gay', 'Gremio de los Videojugado', '', ''),
(26, '55828767I', 'Galen356', 'Wally Weaver', 'Las Hordas del Botón A', '', ''),
(27, '67569251H', 'Carrie1', 'Leigh Simons', 'Escuadrón de la Consola', '', ''),
(28, '91454342C', 'Adam1', 'Burl Jay', 'Los Estrategas del Bit', '', ''),
(29, '51291378K', 'Shockley769', 'Alena Abraham', 'Alianza del Mouse', '', ''),
(30, '72394253U', 'Addie1951', 'Savanna Obryan', 'Los Maestros del Control', '', '');

-- 
-- Dumping data for table torneos
--
INSERT INTO torneos VALUES
(1, 'Catan: Navegantes en el Espacio', 'Exploración Galáctica: Agrega planetas y rutas espaciales para expandir la colonización.', 'Juego de mesa.', '2023-01-01 08:37:12'),
(2, 'Risk: Edición Señor de los Anillos', 'Campaña del Anillo: Sigue la travesía del Anillo con misiones estratégicas y eventos basados en la historia.', 'Juego de mesa.', '2023-01-07 07:14:50'),
(3, 'Munchkin: Aventuras en el Calabozo', 'Modo Campaña: Vincula múltiples partidas en un viaje épico con recompensas persistentes.', 'Juego de mesa.', '2023-01-13 03:47:55'),
(4, 'Ticket to Ride: Edición Europa Steampunk', 'Competencia Industrial: Introduce objetivos de construcción temáticos relacionados con la revolución industrial.', 'Juego de mesa.', '2023-01-03 10:16:09'),
(5, 'Pandemic: El Reino del Cthulhu', 'Locura Cósmica: Añade elementos sobrenaturales y la necesidad de mantener la cordura en la lucha contra las plagas.', 'Juego de mesa.', '2023-01-20 14:43:08'),
(6, 'Star Wars: Imperial Assault', 'Batallas Espaciales: Amplía las misiones para incluir combates en el espacio con naves icónicas de Star Wars.', 'Juego de mesa.', '2023-01-27 07:46:12'),
(7, 'Betrayal at Baldur''s Gate (Traición en la Ciudad de los Portales)', 'Intriga Mágica: Introduce hechizos y artefactos mágicos que afectan las traiciones y alianzas.', 'Juego de mesa.', '2023-01-23 20:20:11'),
(8, 'Zombicide: Invader', 'Exploración Alienígena: Enfrenta hordas de zombis espaciales mientras exploras estaciones y naves extraterrestres.', 'Juego de mesa.', '2023-01-20 05:02:28'),
(9, 'Dungeons & Dragons: El Juego de Aventuras', 'Mundo Abierto: Crea tus propias aventuras y mazmorras personalizadas en un entorno de juego de rol.', 'Juego de mesa.', '2023-01-01 08:31:03'),
(10, 'Arkham Horror: El Juego de Cartas', 'Modo Cooperativo Extremo: Enfrenta horrores cósmicos con restricciones adicionales y decisiones más difíciles.', 'Juego de mesa.', '2023-02-07 10:36:38'),
(11, 'League of Legends', 'Modo Clásico: Combates 5v5 con tres líneas y jungla.', 'MOBA.', '2023-02-01 17:00:44'),
(12, 'Dota 2', 'Partida Estándar: 5v5 en un mapa grande y complejo.', 'MOBA.', '2023-01-01 08:30:04'),
(13, 'Counter-Strike: Global Offensive (CS:GO)', 'Desactivación de Bomba: Terroristas plantan bomba, contra terroristas la desactivan.', 'FPS.', '2023-01-02 16:13:24'),
(14, 'Overwatch', 'Asalto: Un equipo ataca, otro defiende.', 'FPS.', '2023-01-01 08:30:00'),
(15, 'Fortnite', 'Battle Royale: Último jugador o equipo en pie gana.', 'Battle Royal.', '2023-01-25 00:32:54'),
(16, 'Rainbow Six Siege', 'Desactivación de Bomba: Atacantes plantan bomba, defensores la protegen.', 'FPS.', '2023-01-07 16:40:41'),
(17, 'Rocket League', 'Fútbol con Coches: Anota goles en una cancha de fútbol con autos.', 'Deportes.', '2023-02-05 12:35:34'),
(18, 'Call of Duty: Warzone', 'Battle Royale: Último jugador o equipo en pie gana.', 'FPS.', '2023-01-01 08:45:41'),
(19, 'Super Smash Bros. Ultimate', 'Combate por Puntos: Acumula puntos derrotando a oponentes.', 'Lucha', '2023-02-06 11:49:29'),
(20, 'Street Fighter V', 'Combate Clásico: Duelos 1v1.', 'Lucha.', '2023-01-01 08:31:22'),
(21, 'Tekken 7', 'Modo Torneo: Participa en torneos con varios jugadores.', 'Lucha.', '2023-01-27 08:13:58'),
(22, 'Valorant', 'Desactivación de Spike: Atacantes plantan el Spike, defensores lo desactivan.', 'FPS.', '2023-02-10 05:18:44'),
(23, 'Hearthstone', 'Juego de Cartas Estratégico: Construye mazos y compite contra otros jugadores.', 'Estrategia.', '2023-01-18 01:31:59'),
(24, 'Teamfight Tactics', 'Modo Estándar: Lucha por la supremacía en partidas estratégicas de 8 jugadores.', 'Estrategia.', '2023-01-24 20:47:40'),
(25, 'Apex Legends', 'Battle Royale: Último jugador o equipo en pie gana.', 'FPS.', '2023-01-01 08:35:12'),
(26, 'StarCraft II', '1v1 de Estrategia en Tiempo Real: Construye bases y ejércitos para derrotar al oponente.', 'Lucha.', '2023-02-12 14:09:00'),
(27, 'Mortal Kombat 11', 'Lucha 1v1: Combates clásicos de Mortal Kombat.', 'MOBA.', '2023-02-15 20:29:44'),
(28, 'Paladins', 'Asedio: Captura puntos y escolta una carga para ganar.', 'FPS.', '2023-01-01 08:31:27'),
(29, 'Quake Champions', 'Sacrificio: Combate en equipos por el control de la Bandera del Alma.', 'MOBA.', '2023-01-29 08:50:45'),
(30, 'World of Tanks', 'Combate de Tanques: Enfréntate en batallas de vehículos blindados.', 'Juego de mesa.', '2023-01-01 08:31:37');

-- 
-- Dumping data for table eventos
--
INSERT INTO eventos VALUES
(1, 'CosmoConquest Carnival', 'Cáceres', '2023-01-05', '2023-02-04', 29, 29),
(2, 'VirtualReality Voyage', 'Algeciras', '2023-01-29', '2023-02-08', 20, 20),
(3, 'MangaMayhem Madness', 'Albacete', '2023-01-15', '2023-02-08', 13, 13),
(4, 'GamingGuru Gala', 'Palencia', '2023-01-01', '2023-02-07', 17, 17),
(5, 'WizardWorld Wonders', 'Guadalajara', '2023-01-15', '2023-02-12', 10, 10),
(6, 'Steampunk Soiree', 'Segovia', '2023-01-28', '2023-02-03', 14, 14),
(7, 'NerdNite Extravaganza', 'Huesca', '2023-01-12', '2023-02-06', 3, 3),
(8, 'RetroGamer Rendezvous', 'Cuenca', '2023-01-27', '2023-02-11', 7, 7),
(9, 'Cyberpunk Carnival', 'Ourense', '2023-01-27', '2023-02-14', 4, 4),
(10, 'Superhero Showdown', 'Lleida', '2023-01-17', '2023-02-01', 11, 11),
(11, 'PixelPulse Party', 'Toledo', '2023-01-27', '2023-02-10', 1, 1),
(12, 'ComicConclave Carnival', 'Vitoria-Gasteiz', '2023-01-23', '2023-02-06', 8, 8),
(13, 'AnimeApex Adventure', 'Pamplona', '2023-01-31', '2023-02-05', 30, 30),
(14, 'TechnoTrek Symposium', 'Jaén', '2023-01-21', '2023-02-08', 26, 26),
(15, 'BoardGame Bonanza', 'Teruel', '2023-01-18', '2023-02-05', 23, 23),
(16, 'FantasyRealm Fiesta', 'Melilla', '2023-01-11', '2023-02-13', 27, 27),
(17, 'GeekFest Galaxy', 'Zamora', '2023-01-13', '2023-02-09', 12, 12),
(18, 'Sci-Fi Spectacle', 'Ceuta', '2023-01-03', '2023-02-15', 9, 9),
(19, 'EpicQuest Extravaganza', 'Badajoz', '2023-01-30', '2023-02-10', 5, 5),
(20, 'CosplayCon Xtreme', 'Tarragona', '2023-01-19', '2023-02-01', 21, 21),
(21, 'AlienEncounter Expo', 'Lugo', '2023-01-09', '2023-02-09', 2, 2),
(22, 'DungeonDwellers Delight', 'Huelva', '2023-01-12', '2023-02-03', 24, 24),
(23, 'LARP Legends Live', 'Girona', '2023-01-29', '2023-02-12', 6, 6),
(24, 'MythicMasquerade Mayhem', 'Torrelavega', '2023-01-17', '2023-02-08', 28, 28),
(25, 'RobotRevolt Rumble', 'Logroño', '2023-01-08', '2023-02-01', 18, 18),
(26, 'HorrorHaven Hullabaloo', 'Santander', '2023-01-11', '2023-02-04', 25, 25),
(27, 'ParanormalPalooza Parade', 'Ávila', '2023-01-31', '2023-02-15', 15, 15),
(28, 'TimeTraveler''s Tangle', 'Ciudad Real', '2023-01-25', '2023-02-05', 19, 19),
(29, 'FantasyFlick Fete', 'Castellón', '2023-01-03', '2023-02-08', 22, 22),
(30, 'GalacticGala Gathering', 'Soria', '2023-01-01', '2023-02-10', 16, 16);

-- 
-- Dumping data for table actores
--
INSERT INTO actores VALUES
(1, '80460192H', 'David Duchovny', 'Fox Mulder', 'Serie', 'The X-Files', 'El agente Mulder y su escéptica compañera Scully deben encargarse de un atentado en un edificio federal en Dallas; Mulder sospecha que la bomba ha sido colocada por el mismo gobierno estadounidense.', 6),
(2, '67219983K', 'Gillian Anderson', 'Dana Scully', 'Serie', 'The X-Files', 'El agente Mulder y su escéptica compañera Scully deben encargarse de un atentado en un edificio federal en Dallas; Mulder sospecha que la bomba ha sido colocada por el mismo gobierno estadounidense.', 1),
(3, '83043571G', 'Matt Smith', 'El Doctor', 'Serie', 'Doctor Who', 'Las aventuras de un Señor del Tiempo conocido como «el Doctor», que explora el universo en su TARDIS, una nave espacial con conciencia propia capaz de viajar a través del tiempo y el espacio.', 3),
(4, '92830295H', 'Benedict Cumberbatch', 'Sherlock Holmes', 'Serie', 'Sherlock', 'Ubicada en el Londres del siglo XXI, la serie sigue los pasos del excéntrico detective Sherlock Holmes junto a su compañero el doctor John H. Watson, en su búsqueda por resolver los brutales crímenes que se van desarrollando.', 1),
(5, '63158784W', 'Millie Bobby Brown', 'Eleven', 'Serie', 'Stranger Things', 'La historia narra la súbita desaparición de un niño en esta ciudad durante la década de los 80, hecho que destapa los extraños sucesos que tienen lugar en la zona, producto de una serie de experimentos que realiza el gobierno.', 1),
(6, '18724768N', 'Peter Dinklage', 'Tyrion Lannister', 'Serie', 'Game of Thrones', 'En un mundo fantástico y en un contexto medieval varias familias, relativas a la nobleza, se disputan el poder para dominar el territorio ficticio de Poniente y tomar el control de los Siete Reinos desde el Trono de Hierro, lugar donde el rey ejerce el poder.', 3),
(7, '20792435I', 'Lena Headey', 'Cersei Lannister', 'Serie', 'Game of Thrones', 'Los hermanos Dean y Sam recorren el país de punta a punta investigando actividades paranormales y enfrentándose a demonios, fantasmas y monstruos.', 8),
(8, '64185417K', 'Jared Padalecki', 'Sam Winchester', 'Serie', 'Supernatural', 'Barry Allen, un investigador de escenas del crimen que obtiene velocidad sobrehumana, que usa para luchar contra criminales, incluidos otros que también han adquirido habilidades sobrehumanas.', 0),
(9, '61169807O', 'Jensen Ackles', 'Dean Winchester', 'Serie', 'Supernatural', 'Loki es llevado ante la misteriosa organización llamada Autoridad de Variación Temporal después de robar el Cubo Cósmico y se le da a elegir entre enfrentarse a la eliminación de la realidad o ayudar contra una amenaza mayor,? por lo cual Loki termina viajando a través del tiempo, alterando la historia humana.', 1),
(10, '17645733U', 'Grant Gustin', 'Barry Allen (Flash)', 'Serie', 'The Flash', 'Jeff Winger es un abogado cuyo título universitario ha sido revocado. Obligado a volver a las aulas, pronto se convierte en el líder de un grupo de inadaptados sociales que están en su misma situación. ', 2),
(11, '09557693D', 'Tom Hiddleston', 'Loki', 'Serie', 'Loki', 'La serie sigue la vida de Codex la sanadora de la hermandad en un popular juego multijugador masivo online.', 6),
(12, '18164874D', 'Gillian Jacobs', 'Britta Perry', 'Serie', 'Community', 'La serie se ubica en el año 2517, tras llegar los humanos a un nuevo sistema estelar, y cuenta las aventuras de la tripulación de renegados de la Serenity, una nave espacial clase Firefly.', 4),
(13, '21976327Q', 'Felicia Day', 'Codex', 'Serie', 'The Guild', 'En el año 2030, el arquitecto Ted Mosby decide contarles a sus dos hijos la historia de cómo conoció a la madre de éstos.', 2),
(14, '75228900N', 'Nathan Fillion', 'Malcolm Reynolds', 'Serie', 'Firefly', 'El adolescente Marty McFly es amigo de Doc, un científico que ha construido una máquina del tiempo. Cuando los dos prueban el artefacto, un error fortuito hace que Marty llegue a 1955, año en el que sus padres iban al instituto y todavía no se habían conocido.', 5),
(15, '55629760G', 'Josh Radnor', 'Ted Mosby', 'Serie', 'How I Met Your Mother', 'La nave en la que viaja la princesa Leia es capturada por las tropas imperiales al mando del temible Darth Vader. Antes de ser atrapada, Leia consigue introducir un mensaje en su robot R2-D2, quien acompañado de su inseparable C-3PO logran escapar.', 8),
(16, '34610897Q', 'Michael J. Fox', 'Marty McFly', 'Película', 'Back to the Future', 'El intrépido explorador Indiana Jones tiene que rescatar a su padre, un arqueólogo que ha desaparecido mientras buscaba el Santo Grial.', 4),
(17, '28582048O', 'Mark Hamill', 'Luke Skywalker', 'Película', 'Star Wars', 'El día en que cumple once años, Harry Potter descubre que es hijo de dos conocidos hechiceros, de los que ha heredado poderes mágicos.', 0),
(18, '84602346Y', 'Harrison Ford', 'Han Solo', 'Película', 'Indiana Jones', 'La tripulación del remolcador espacial Nostromo atiende una señal de socorro y, sin saberlo, sube a bordo una letal forma de vida extraterrestre.', 4),
(19, '00894299B', 'Daniel Radcliffe', 'Harry Potter', 'Película', 'Harry Potter', 'En la Tierra Media, el Señor Oscuro Sauron forjó los Grandes Anillos del Poder y creó uno con el poder de esclavizar a toda la Tierra Media. Frodo Bolsón es un hobbit al que su tío Bilbo hace portador del poderoso Anillo Único con la misión de destruirlo.', 0),
(20, '28647881Y', 'Sigourney Weaver', 'Ellen Ripley', 'Película', 'Alien', 'Al nacer, la Viuda Negra, también conocida como Natasha Romanova, se entrega a la KGB para convertirse en su agente definitivo.', 2),
(21, '38868178K', 'Sir Ian McKellen', 'Gandalf', 'Película', 'El Señor de los Anillos', 'Tony Stark es un inventor de armamento brillante que es secuestrado en el extranjero. Sus captores son unos terroristas que le obligan a construir una máquina destructiva pero Tony se construirá una armadura para poder enfrentarse a ellos y escapar.', 7),
(22, '13811710X', 'Scarlett Johansson', 'Natasha Romanoff (Black Widow)', 'Película', 'Black Widow', 'La nave en la que viaja la princesa Leia es capturada por las tropas imperiales al mando del temible Darth Vader. Antes de ser atrapada, Leia consigue introducir un mensaje en su robot R2-D2, quien acompañado de su inseparable C-3PO logran escapar.', 1),
(23, '37292455G', 'Robert Downey Jr.', 'Tony Stark (Iron Man)', 'Película', 'Iron Man', 'La nave en la que viaja la princesa Leia es capturada por las tropas imperiales al mando del temible Darth Vader. Antes de ser atrapada, Leia consigue introducir un mensaje en su robot R2-D2, quien acompañado de su inseparable C-3PO logran escapar.', 1),
(24, '22225990Y', 'Carrie Fisher', 'Princesa Leia', 'Película', 'Star Wars', 'El programador informático Thomas Anderson, más conocido en el mundo de los "hacker" como Neo, está en el punto de mira del temible agente Smith. Otros dos piratas informáticos, Trinity y Morfeo, se ponen en contacto con Neo para ayudarlo a escapar. Matrix te posee. Sigue al conejo blanco.', 1),
(25, '65414313R', 'Natalie Portman', 'Padmé Amidala', 'Película', 'Star Wars', 'Seguimos las aventuras de unos criptzóologos de una agencia mientras tratan de enfrentarse a unos monstruos entre los que se encuentra el propio Godzilla.', 7),
(26, '35376692H', 'Keanu Reeves', 'Neo', 'Película', 'Matrix', 'El joven James T. Kirk, Spock y el resto de la tripulación del Enterprise se embarcan en un curso de colisión con un romulano vengativo.', 1),
(27, '68847630P', 'Millie Bobby Brown', 'Madison Russell', 'Película', 'Godzilla: King of the Monsters', 'Wade Wilson, tras ser sometido a un cruel experimento científico, adquiere poderes especiales que le convierten en Deadpool. Armado con sus nuevas habilidades y un retorcido sentido del humor tratará de dar caza al hombre que casi destruye su vida.', 1),
(28, '94663928F', 'William Shatner', 'Capitán Kirk', 'Película', 'Star Trek', 'Nacido como mutante en 1845, Lobezno y su hermano huyen de su pueblo para inscribirse en el ejército, luchando en cada gran batalla americana. Un día son reclutados por el coronel Stryker para formar un ejército especial de mutantes. Lobezno acaba escapando e intenta seguir con una vida normal.', 2),
(29, '80953987H', 'Ryan Reynolds', 'Deadpool', 'Película', 'Deadpool', 'El agente Mulder y su escéptica compañera Scully deben encargarse de un atentado en un edificio federal en Dallas; Mulder sospecha que la bomba ha sido colocada por el mismo gobierno estadounidense.', 2),
(30, '20482481V', 'Hugh jackman', 'Lobezno', 'Película', 'Lobezno: Origenes', 'El agente Mulder y su escéptica compañera Scully deben encargarse de un atentado en un edificio federal en Dallas; Mulder sospecha que la bomba ha sido colocada por el mismo gobierno estadounidense.', 0);

-- 
-- Dumping data for table venden
--
INSERT INTO venden VALUES
(11, 1, 1),
(21, 2, 2),
(7, 3, 3),
(9, 4, 4),
(19, 5, 5),
(23, 6, 6),
(8, 7, 7),
(12, 8, 8),
(18, 9, 9),
(5, 10, 10),
(10, 11, 11),
(17, 12, 12),
(3, 13, 13),
(6, 14, 14),
(27, 15, 15),
(30, 16, 16),
(4, 17, 17),
(25, 18, 18),
(28, 19, 19),
(2, 20, 20),
(20, 21, 21),
(29, 22, 22),
(15, 23, 23),
(22, 24, 24),
(26, 25, 25),
(14, 26, 26),
(16, 27, 27),
(24, 28, 28),
(1, 29, 29),
(13, 30, 30);

-- 
-- Dumping data for table telefonosactores
--
INSERT INTO telefonosactores VALUES
(1, 30, '+22 35166842'),
(2, 29, '+576 3191944'),
(3, 1, '+70 69140422'),
(4, 5, '+54 72513923'),
(5, 2, '+483 4580444'),
(6, 10, '+724 8308108'),
(7, 21, '+296 1019192'),
(8, 27, '+672 1479424'),
(9, 24, '+111 5714876'),
(10, 28, '+510 1762897'),
(11, 18, '+033 4169358'),
(12, 6, '+67 31199452'),
(13, 14, '+98 26885110'),
(14, 11, '+946 5567277'),
(15, 25, '+22 46461801'),
(16, 3, '+816 7838655'),
(17, 22, '+502 0497010'),
(18, 26, '+692 7603600'),
(19, 15, '+353 2148440'),
(20, 8, '+11 53339209'),
(21, 7, '+51 06672010'),
(22, 23, '+59 37023074'),
(23, 12, '+672 7759063'),
(24, 4, '+837 9359096'),
(25, 9, '+795 0911659'),
(26, 13, '+689 1290132'),
(27, 19, '+50 29390751'),
(28, NULL, '+160 1821158'),
(29, 20, '+744 8296309'),
(30, 17, '+286 4024357');

-- 
-- Dumping data for table participan
--
INSERT INTO participan VALUES
(11, 1, 1),
(21, 2, 2),
(7, 3, 3),
(19, 5, 5),
(8, 7, 7),
(18, 9, 9),
(5, 10, 10),
(17, 12, 12),
(3, 13, 13),
(27, 15, 15),
(30, 16, 16),
(4, 17, 17),
(28, 19, 19),
(2, 20, 20),
(20, 21, 21),
(6, 22, 14),
(25, 22, 18),
(29, 22, 22),
(14, 22, 26),
(24, 22, 28),
(15, 23, 23),
(9, 24, 4),
(23, 24, 6),
(22, 24, 24),
(1, 24, 29),
(16, 27, 27),
(12, 28, 8),
(10, 28, 11),
(26, 28, 25),
(13, 30, 30);

-- 
-- Dumping data for table organizan
--
INSERT INTO organizan VALUES
(11, 1, 1),
(21, 2, 2),
(7, 3, 3),
(9, 4, 4),
(19, 5, 5),
(23, 6, 6),
(8, 7, 7),
(12, 8, 8),
(18, 9, 9),
(5, 10, 10),
(10, 11, 11),
(17, 12, 12),
(3, 13, 13),
(6, 14, 14),
(27, 15, 15),
(30, 16, 16),
(4, 17, 17),
(25, 18, 18),
(28, 19, 19),
(2, 20, 20),
(20, 21, 21),
(29, 22, 22),
(15, 23, 23),
(22, 24, 24),
(26, 25, 25),
(14, 26, 26),
(16, 27, 27),
(24, 28, 28),
(1, 29, 29),
(13, 30, 30);

-- 
-- Dumping data for table asisten
--
INSERT INTO asisten VALUES
(11, 1, 1),
(21, 2, 2),
(7, 3, 3),
(9, 4, 4),
(19, 5, 5),
(23, 6, 6),
(8, 7, 7),
(12, 8, 8),
(18, 9, 9),
(5, 10, 10),
(10, 11, 11),
(17, 12, 12),
(3, 13, 13),
(6, 14, 14),
(27, 15, 15),
(30, 16, 16),
(4, 17, 17),
(25, 18, 18),
(28, 19, 19),
(2, 20, 20),
(20, 21, 21),
(29, 22, 22),
(15, 23, 23),
(22, 24, 24),
(26, 25, 25),
(14, 26, 26),
(16, 27, 27),
(24, 28, 28),
(1, 29, 29),
(13, 30, 30);

--
-- Set default database
--
USE thegeekend;

DELIMITER $$

--
-- Create trigger `tr_actualizar_temporada`
--
CREATE
DEFINER = 'root'@'localhost'
TRIGGER tr_actualizar_temporada
BEFORE INSERT
ON actores
FOR EACH ROW
BEGIN
  IF NEW.tipo = 'Pelicula' THEN
    SET NEW.temporadas = 0;
  ELSE
    -- Generar un número aleatorio entre 1 y 8 para las series
    SET NEW.temporadas = FLOOR(1 + RAND() * 8);
  END IF;
END
$$

DELIMITER ;

-- 
-- Restore previous SQL mode
-- 
/*!40101 SET SQL_MODE=@OLD_SQL_MODE */;

-- 
-- Enable foreign keys
-- 
/*!40014 SET FOREIGN_KEY_CHECKS = @OLD_FOREIGN_KEY_CHECKS */;